Series Name,Series Code,Country Name,Country Code,2019 [YR2019]
"GDP per capita, PPP (constant 2017 international $)",NY.GDP.PCAP.PP.KD,Afghanistan,AFG,2065.03623501599
"GDP per capita, PPP (constant 2017 international $)",NY.GDP.PCAP.PP.KD,Albania,ALB,13653.2015701651
"GDP per capita, PPP (constant 2017 international $)",NY.GDP.PCAP.PP.KD,Algeria,DZA,11521.9842097767
"GDP per capita, PPP (constant 2017 international $)",NY.GDP.PCAP.PP.KD,American Samoa,ASM,..
"GDP per capita, PPP (constant 2017 international $)",NY.GDP.PCAP.PP.KD,Andorra,AND,..
"GDP per capita, PPP (constant 2017 international $)",NY.GDP.PCAP.PP.KD,Angola,AGO,6712.02161540541
"GDP per capita, PPP (constant 2017 international $)",NY.GDP.PCAP.PP.KD,Antigua and Barbuda,ATG,21850.1334122252
"GDP per capita, PPP (constant 2017 international $)",NY.GDP.PCAP.PP.KD,Argentina,ARG,22066.1010083881
"GDP per capita, PPP (constant 2017 international $)",NY.GDP.PCAP.PP.KD,Armenia,ARM,13653.7633812861
"GDP per capita, PPP (constant 2017 international $)",NY.GDP.PCAP.PP.KD,Aruba,ABW,38221.1173141676
"GDP per capita, PPP (constant 2017 international $)",NY.GDP.PCAP.PP.KD,Australia,AUS,49309.1123989414
"GDP per capita, PPP (constant 2017 international $)",NY.GDP.PCAP.PP.KD,Austria,AUT,55833.559903835
"GDP per capita, PPP (constant 2017 international $)",NY.GDP.PCAP.PP.KD,Azerbaijan,AZE,14442.0408668016
"GDP per capita, PPP (constant 2017 international $)",NY.GDP.PCAP.PP.KD,"Bahamas, The",BHS,36522.4029910409
"GDP per capita, PPP (constant 2017 international $)",NY.GDP.PCAP.PP.KD,Bahrain,BHR,45311.8683029627
"GDP per capita, PPP (constant 2017 international $)",NY.GDP.PCAP.PP.KD,Bangladesh,BGD,5550.03277751273
"GDP per capita, PPP (constant 2017 international $)",NY.GDP.PCAP.PP.KD,Barbados,BRB,15499.8082056746
"GDP per capita, PPP (constant 2017 international $)",NY.GDP.PCAP.PP.KD,Belarus,BLR,19279.209247881
"GDP per capita, PPP (constant 2017 international $)",NY.GDP.PCAP.PP.KD,Belgium,BEL,51937.4236090476
"GDP per capita, PPP (constant 2017 international $)",NY.GDP.PCAP.PP.KD,Belize,BLZ,7152.65741388462
"GDP per capita, PPP (constant 2017 international $)",NY.GDP.PCAP.PP.KD,Benin,BEN,3287.30953781986
"GDP per capita, PPP (constant 2017 international $)",NY.GDP.PCAP.PP.KD,Bermuda,BMU,81681.7266682559
"GDP per capita, PPP (constant 2017 international $)",NY.GDP.PCAP.PP.KD,Bhutan,BTN,11864.766246616
"GDP per capita, PPP (constant 2017 international $)",NY.GDP.PCAP.PP.KD,Bolivia,BOL,8724.47418740562
"GDP per capita, PPP (constant 2017 international $)",NY.GDP.PCAP.PP.KD,Bosnia and Herzegovina,BIH,14896.7965119383
"GDP per capita, PPP (constant 2017 international $)",NY.GDP.PCAP.PP.KD,Botswana,BWA,16404.4449053264
"GDP per capita, PPP (constant 2017 international $)",NY.GDP.PCAP.PP.KD,Brazil,BRA,14736.1560621677
"GDP per capita, PPP (constant 2017 international $)",NY.GDP.PCAP.PP.KD,British Virgin Islands,VGB,..
"GDP per capita, PPP (constant 2017 international $)",NY.GDP.PCAP.PP.KD,Brunei Darussalam,BRN,62098.011379516
"GDP per capita, PPP (constant 2017 international $)",NY.GDP.PCAP.PP.KD,Bulgaria,BGR,23265.8769207936
"GDP per capita, PPP (constant 2017 international $)",NY.GDP.PCAP.PP.KD,Burkina Faso,BFA,2175.50467955719
"GDP per capita, PPP (constant 2017 international $)",NY.GDP.PCAP.PP.KD,Burundi,BDI,751.44340469229
"GDP per capita, PPP (constant 2017 international $)",NY.GDP.PCAP.PP.KD,Cabo Verde,CPV,7171.8264247567
"GDP per capita, PPP (constant 2017 international $)",NY.GDP.PCAP.PP.KD,Cambodia,KHM,4388.80090863251
"GDP per capita, PPP (constant 2017 international $)",NY.GDP.PCAP.PP.KD,Cameroon,CMR,3742.85677859297
"GDP per capita, PPP (constant 2017 international $)",NY.GDP.PCAP.PP.KD,Canada,CAN,49171.5110858739
"GDP per capita, PPP (constant 2017 international $)",NY.GDP.PCAP.PP.KD,Cayman Islands,CYM,73724.9669511883
"GDP per capita, PPP (constant 2017 international $)",NY.GDP.PCAP.PP.KD,Central African Republic,CAF,946.059656562776
"GDP per capita, PPP (constant 2017 international $)",NY.GDP.PCAP.PP.KD,Chad,TCD,1579.62610063652
"GDP per capita, PPP (constant 2017 international $)",NY.GDP.PCAP.PP.KD,Channel Islands,CHI,..
"GDP per capita, PPP (constant 2017 international $)",NY.GDP.PCAP.PP.KD,Chile,CHL,24931.1218807485
"GDP per capita, PPP (constant 2017 international $)",NY.GDP.PCAP.PP.KD,China,CHN,15977.7638279876
"GDP per capita, PPP (constant 2017 international $)",NY.GDP.PCAP.PP.KD,Colombia,COL,14571.9909460979
"GDP per capita, PPP (constant 2017 international $)",NY.GDP.PCAP.PP.KD,Comoros,COM,3058.98010494159
"GDP per capita, PPP (constant 2017 international $)",NY.GDP.PCAP.PP.KD,"Congo, Dem. Rep.",COD,1097.9488401154
"GDP per capita, PPP (constant 2017 international $)",NY.GDP.PCAP.PP.KD,"Congo, Rep.",COG,3825.701479528
"GDP per capita, PPP (constant 2017 international $)",NY.GDP.PCAP.PP.KD,Costa Rica,CRI,20970.5441462292
"GDP per capita, PPP (constant 2017 international $)",NY.GDP.PCAP.PP.KD,Cote d'Ivoire,CIV,5212.5540214586
"GDP per capita, PPP (constant 2017 international $)",NY.GDP.PCAP.PP.KD,Croatia,HRV,29336.0854506088
"GDP per capita, PPP (constant 2017 international $)",NY.GDP.PCAP.PP.KD,Cuba,CUB,..
"GDP per capita, PPP (constant 2017 international $)",NY.GDP.PCAP.PP.KD,Curacao,CUW,23659.2343425034
"GDP per capita, PPP (constant 2017 international $)",NY.GDP.PCAP.PP.KD,Cyprus,CYP,41521.921875
"GDP per capita, PPP (constant 2017 international $)",NY.GDP.PCAP.PP.KD,Czechia,CZE,40981.0565086432
"GDP per capita, PPP (constant 2017 international $)",NY.GDP.PCAP.PP.KD,Denmark,DNK,57161.6863893418
"GDP per capita, PPP (constant 2017 international $)",NY.GDP.PCAP.PP.KD,Djibouti,DJI,5260.0153441222
"GDP per capita, PPP (constant 2017 international $)",NY.GDP.PCAP.PP.KD,Dominica,DMA,12329.8252749832
"GDP per capita, PPP (constant 2017 international $)",NY.GDP.PCAP.PP.KD,Dominican Republic,DOM,18412.8999875519
"GDP per capita, PPP (constant 2017 international $)",NY.GDP.PCAP.PP.KD,Ecuador,ECU,11370.603299072
"GDP per capita, PPP (constant 2017 international $)",NY.GDP.PCAP.PP.KD,"Egypt, Arab Rep.",EGY,11763.2532849551
"GDP per capita, PPP (constant 2017 international $)",NY.GDP.PCAP.PP.KD,El Salvador,SLV,8776.1195158388
"GDP per capita, PPP (constant 2017 international $)",NY.GDP.PCAP.PP.KD,Equatorial Guinea,GNQ,18600.3917751503
"GDP per capita, PPP (constant 2017 international $)",NY.GDP.PCAP.PP.KD,Eritrea,ERI,..
"GDP per capita, PPP (constant 2017 international $)",NY.GDP.PCAP.PP.KD,Estonia,EST,36401.1088501325
"GDP per capita, PPP (constant 2017 international $)",NY.GDP.PCAP.PP.KD,Eswatini,SWZ,8652.92271657383
"GDP per capita, PPP (constant 2017 international $)",NY.GDP.PCAP.PP.KD,Ethiopia,ETH,2221.40466452958
"GDP per capita, PPP (constant 2017 international $)",NY.GDP.PCAP.PP.KD,Faroe Islands,FRO,..
"GDP per capita, PPP (constant 2017 international $)",NY.GDP.PCAP.PP.KD,Fiji,FJI,13684.2916922321
"GDP per capita, PPP (constant 2017 international $)",NY.GDP.PCAP.PP.KD,Finland,FIN,48582.5875885045
"GDP per capita, PPP (constant 2017 international $)",NY.GDP.PCAP.PP.KD,France,FRA,46017.7659610004
"GDP per capita, PPP (constant 2017 international $)",NY.GDP.PCAP.PP.KD,French Polynesia,PYF,..
"GDP per capita, PPP (constant 2017 international $)",NY.GDP.PCAP.PP.KD,Gabon,GAB,14945.8592935603
"GDP per capita, PPP (constant 2017 international $)",NY.GDP.PCAP.PP.KD,"Gambia, The",GMB,2226.34390493096
"GDP per capita, PPP (constant 2017 international $)",NY.GDP.PCAP.PP.KD,Georgia,GEO,14989.2581602038
"GDP per capita, PPP (constant 2017 international $)",NY.GDP.PCAP.PP.KD,Germany,DEU,53929.6392852715
"GDP per capita, PPP (constant 2017 international $)",NY.GDP.PCAP.PP.KD,Ghana,GHA,5540.04562697865
"GDP per capita, PPP (constant 2017 international $)",NY.GDP.PCAP.PP.KD,Gibraltar,GIB,..
"GDP per capita, PPP (constant 2017 international $)",NY.GDP.PCAP.PP.KD,Greece,GRC,29698.0304753909
"GDP per capita, PPP (constant 2017 international $)",NY.GDP.PCAP.PP.KD,Greenland,GRL,..
"GDP per capita, PPP (constant 2017 international $)",NY.GDP.PCAP.PP.KD,Grenada,GRD,16867.5721321567
"GDP per capita, PPP (constant 2017 international $)",NY.GDP.PCAP.PP.KD,Guam,GUM,..
"GDP per capita, PPP (constant 2017 international $)",NY.GDP.PCAP.PP.KD,Guatemala,GTM,8653.30819508205
"GDP per capita, PPP (constant 2017 international $)",NY.GDP.PCAP.PP.KD,Guinea,GIN,2566.32298879891
"GDP per capita, PPP (constant 2017 international $)",NY.GDP.PCAP.PP.KD,Guinea-Bissau,GNB,1939.2895096348
"GDP per capita, PPP (constant 2017 international $)",NY.GDP.PCAP.PP.KD,Guyana,GUY,13082.1814837162
"GDP per capita, PPP (constant 2017 international $)",NY.GDP.PCAP.PP.KD,Haiti,HTI,3073.32914007069
"GDP per capita, PPP (constant 2017 international $)",NY.GDP.PCAP.PP.KD,Honduras,HND,5736.18163330613
"GDP per capita, PPP (constant 2017 international $)",NY.GDP.PCAP.PP.KD,"Hong Kong SAR, China",HKG,59588.5049257052
"GDP per capita, PPP (constant 2017 international $)",NY.GDP.PCAP.PP.KD,Hungary,HUN,32553.6944730337
"GDP per capita, PPP (constant 2017 international $)",NY.GDP.PCAP.PP.KD,Iceland,ISL,56935.7727270827
"GDP per capita, PPP (constant 2017 international $)",NY.GDP.PCAP.PP.KD,India,IND,6689.36535378045
"GDP per capita, PPP (constant 2017 international $)",NY.GDP.PCAP.PP.KD,Indonesia,IDN,11812.1024274443
"GDP per capita, PPP (constant 2017 international $)",NY.GDP.PCAP.PP.KD,"Iran, Islamic Rep.",IRN,14903.5194327677
"GDP per capita, PPP (constant 2017 international $)",NY.GDP.PCAP.PP.KD,Iraq,IRQ,10889.8025009745
"GDP per capita, PPP (constant 2017 international $)",NY.GDP.PCAP.PP.KD,Ireland,IRL,86650.0046591322
"GDP per capita, PPP (constant 2017 international $)",NY.GDP.PCAP.PP.KD,Isle of Man,IMN,..
"GDP per capita, PPP (constant 2017 international $)",NY.GDP.PCAP.PP.KD,Israel,ISR,40626.2152725349
"GDP per capita, PPP (constant 2017 international $)",NY.GDP.PCAP.PP.KD,Italy,ITA,42746.295751745
"GDP per capita, PPP (constant 2017 international $)",NY.GDP.PCAP.PP.KD,Jamaica,JAM,9777.00568620683
"GDP per capita, PPP (constant 2017 international $)",NY.GDP.PCAP.PP.KD,Japan,JPN,41697.4119392172
"GDP per capita, PPP (constant 2017 international $)",NY.GDP.PCAP.PP.KD,Jordan,JOR,10071.379888314
"GDP per capita, PPP (constant 2017 international $)",NY.GDP.PCAP.PP.KD,Kazakhstan,KAZ,26351.8044418782
"GDP per capita, PPP (constant 2017 international $)",NY.GDP.PCAP.PP.KD,Kenya,KEN,4459.21060492658
"GDP per capita, PPP (constant 2017 international $)",NY.GDP.PCAP.PP.KD,Kiribati,KIR,2102.78203495307
"GDP per capita, PPP (constant 2017 international $)",NY.GDP.PCAP.PP.KD,"Korea, Dem. People's Rep.",PRK,..
"GDP per capita, PPP (constant 2017 international $)",NY.GDP.PCAP.PP.KD,"Korea, Rep.",KOR,42758.5903686092
"GDP per capita, PPP (constant 2017 international $)",NY.GDP.PCAP.PP.KD,Kosovo,XKX,11318.462250308
"GDP per capita, PPP (constant 2017 international $)",NY.GDP.PCAP.PP.KD,Kuwait,KWT,49946.7312642105
"GDP per capita, PPP (constant 2017 international $)",NY.GDP.PCAP.PP.KD,Kyrgyz Republic,KGZ,5258.36669631142
"GDP per capita, PPP (constant 2017 international $)",NY.GDP.PCAP.PP.KD,Lao PDR,LAO,7886.65281419668
"GDP per capita, PPP (constant 2017 international $)",NY.GDP.PCAP.PP.KD,Latvia,LVA,31012.135102478
"GDP per capita, PPP (constant 2017 international $)",NY.GDP.PCAP.PP.KD,Lebanon,LBN,14493.3723724418
"GDP per capita, PPP (constant 2017 international $)",NY.GDP.PCAP.PP.KD,Lesotho,LSO,2656.11585507471
"GDP per capita, PPP (constant 2017 international $)",NY.GDP.PCAP.PP.KD,Liberia,LBR,1469.76395912306
"GDP per capita, PPP (constant 2017 international $)",NY.GDP.PCAP.PP.KD,Libya,LBY,21842.6192547681
"GDP per capita, PPP (constant 2017 international $)",NY.GDP.PCAP.PP.KD,Liechtenstein,LIE,..
"GDP per capita, PPP (constant 2017 international $)",NY.GDP.PCAP.PP.KD,Lithuania,LTU,37166.2100814318
"GDP per capita, PPP (constant 2017 international $)",NY.GDP.PCAP.PP.KD,Luxembourg,LUX,116518.276815474
"GDP per capita, PPP (constant 2017 international $)",NY.GDP.PCAP.PP.KD,"Macao SAR, China",MAC,127272.548511029
"GDP per capita, PPP (constant 2017 international $)",NY.GDP.PCAP.PP.KD,Madagascar,MDG,1618.53256054566
"GDP per capita, PPP (constant 2017 international $)",NY.GDP.PCAP.PP.KD,Malawi,MWI,1537.14117694567
"GDP per capita, PPP (constant 2017 international $)",NY.GDP.PCAP.PP.KD,Malaysia,MYS,28421.4624813904
"GDP per capita, PPP (constant 2017 international $)",NY.GDP.PCAP.PP.KD,Maldives,MDV,19510.49184133
"GDP per capita, PPP (constant 2017 international $)",NY.GDP.PCAP.PP.KD,Mali,MLI,2321.70219911325
"GDP per capita, PPP (constant 2017 international $)",NY.GDP.PCAP.PP.KD,Malta,MLT,45396.7322859836
"GDP per capita, PPP (constant 2017 international $)",NY.GDP.PCAP.PP.KD,Marshall Islands,MHL,4048.0887145386
"GDP per capita, PPP (constant 2017 international $)",NY.GDP.PCAP.PP.KD,Mauritania,MRT,5343.99792146683
"GDP per capita, PPP (constant 2017 international $)",NY.GDP.PCAP.PP.KD,Mauritius,MUS,22869.7563111234
"GDP per capita, PPP (constant 2017 international $)",NY.GDP.PCAP.PP.KD,Mexico,MEX,19675.4406708213
"GDP per capita, PPP (constant 2017 international $)",NY.GDP.PCAP.PP.KD,"Micronesia, Fed. Sts.",FSM,3465.11998103907
"GDP per capita, PPP (constant 2017 international $)",NY.GDP.PCAP.PP.KD,Moldova,MDA,13026.5159694217
"GDP per capita, PPP (constant 2017 international $)",NY.GDP.PCAP.PP.KD,Monaco,MCO,..
"GDP per capita, PPP (constant 2017 international $)",NY.GDP.PCAP.PP.KD,Mongolia,MNG,12486.077460816
"GDP per capita, PPP (constant 2017 international $)",NY.GDP.PCAP.PP.KD,Montenegro,MNE,21533.9320909217
"GDP per capita, PPP (constant 2017 international $)",NY.GDP.PCAP.PP.KD,Morocco,MAR,7546.7548828125
"GDP per capita, PPP (constant 2017 international $)",NY.GDP.PCAP.PP.KD,Mozambique,MOZ,1281.78001360291
"GDP per capita, PPP (constant 2017 international $)",NY.GDP.PCAP.PP.KD,Myanmar,MMR,4739.71043843018
"GDP per capita, PPP (constant 2017 international $)",NY.GDP.PCAP.PP.KD,Namibia,NAM,9809.21848164011
"GDP per capita, PPP (constant 2017 international $)",NY.GDP.PCAP.PP.KD,Nauru,NRU,13525.7728498204
"GDP per capita, PPP (constant 2017 international $)",NY.GDP.PCAP.PP.KD,Nepal,NPL,3952.76034924449
"GDP per capita, PPP (constant 2017 international $)",NY.GDP.PCAP.PP.KD,Netherlands,NLD,56784.0372529824
"GDP per capita, PPP (constant 2017 international $)",NY.GDP.PCAP.PP.KD,New Caledonia,NCL,..
"GDP per capita, PPP (constant 2017 international $)",NY.GDP.PCAP.PP.KD,New Zealand,NZL,43110.3712370682
"GDP per capita, PPP (constant 2017 international $)",NY.GDP.PCAP.PP.KD,Nicaragua,NIC,5445.72953287195
"GDP per capita, PPP (constant 2017 international $)",NY.GDP.PCAP.PP.KD,Niger,NER,1224.37513477719
"GDP per capita, PPP (constant 2017 international $)",NY.GDP.PCAP.PP.KD,Nigeria,NGA,5135.49946875343
"GDP per capita, PPP (constant 2017 international $)",NY.GDP.PCAP.PP.KD,North Macedonia,MKD,16773.0405718113
"GDP per capita, PPP (constant 2017 international $)",NY.GDP.PCAP.PP.KD,Northern Mariana Islands,MNP,..
"GDP per capita, PPP (constant 2017 international $)",NY.GDP.PCAP.PP.KD,Norway,NOR,64385.0059928545
"GDP per capita, PPP (constant 2017 international $)",NY.GDP.PCAP.PP.KD,Oman,OMN,31284.0163557619
"GDP per capita, PPP (constant 2017 international $)",NY.GDP.PCAP.PP.KD,Pakistan,PAK,5317.77436352009
"GDP per capita, PPP (constant 2017 international $)",NY.GDP.PCAP.PP.KD,Palau,PLW,17227.0627136281
"GDP per capita, PPP (constant 2017 international $)",NY.GDP.PCAP.PP.KD,Panama,PAN,31440.2635333901
"GDP per capita, PPP (constant 2017 international $)",NY.GDP.PCAP.PP.KD,Papua New Guinea,PNG,4292.60942902109
"GDP per capita, PPP (constant 2017 international $)",NY.GDP.PCAP.PP.KD,Paraguay,PRY,12615.5286456565
"GDP per capita, PPP (constant 2017 international $)",NY.GDP.PCAP.PP.KD,Peru,PER,12858.3262992687
"GDP per capita, PPP (constant 2017 international $)",NY.GDP.PCAP.PP.KD,Philippines,PHL,8914.72379819382
"GDP per capita, PPP (constant 2017 international $)",NY.GDP.PCAP.PP.KD,Poland,POL,33185.1581282308
"GDP per capita, PPP (constant 2017 international $)",NY.GDP.PCAP.PP.KD,Portugal,PRT,34945.6613395799
"GDP per capita, PPP (constant 2017 international $)",NY.GDP.PCAP.PP.KD,Puerto Rico,PRI,34804.9434590498
"GDP per capita, PPP (constant 2017 international $)",NY.GDP.PCAP.PP.KD,Qatar,QAT,90043.7990029688
"GDP per capita, PPP (constant 2017 international $)",NY.GDP.PCAP.PP.KD,Romania,ROU,29875.0627717262
"GDP per capita, PPP (constant 2017 international $)",NY.GDP.PCAP.PP.KD,Russian Federation,RUS,27254.57421875
"GDP per capita, PPP (constant 2017 international $)",NY.GDP.PCAP.PP.KD,Rwanda,RWA,2227.51557101955
"GDP per capita, PPP (constant 2017 international $)",NY.GDP.PCAP.PP.KD,Samoa,WSM,6627.83850059952
"GDP per capita, PPP (constant 2017 international $)",NY.GDP.PCAP.PP.KD,San Marino,SMR,60633.0616544557
"GDP per capita, PPP (constant 2017 international $)",NY.GDP.PCAP.PP.KD,Sao Tome and Principe,STP,4005.3416234
"GDP per capita, PPP (constant 2017 international $)",NY.GDP.PCAP.PP.KD,Saudi Arabia,SAU,46999.9381372314
"GDP per capita, PPP (constant 2017 international $)",NY.GDP.PCAP.PP.KD,Senegal,SEN,3368.26227359017
"GDP per capita, PPP (constant 2017 international $)",NY.GDP.PCAP.PP.KD,Serbia,SRB,18306.7852371745
"GDP per capita, PPP (constant 2017 international $)",NY.GDP.PCAP.PP.KD,Seychelles,SYC,29365.9996635962
"GDP per capita, PPP (constant 2017 international $)",NY.GDP.PCAP.PP.KD,Sierra Leone,SLE,1705.1914520016
"GDP per capita, PPP (constant 2017 international $)",NY.GDP.PCAP.PP.KD,Singapore,SGP,98283.3089080861
"GDP per capita, PPP (constant 2017 international $)",NY.GDP.PCAP.PP.KD,Sint Maarten (Dutch part),SXM,..
"GDP per capita, PPP (constant 2017 international $)",NY.GDP.PCAP.PP.KD,Slovak Republic,SVK,31927.5938301222
"GDP per capita, PPP (constant 2017 international $)",NY.GDP.PCAP.PP.KD,Slovenia,SVN,38946.6853820836
"GDP per capita, PPP (constant 2017 international $)",NY.GDP.PCAP.PP.KD,Solomon Islands,SLB,2660.51489245052
"GDP per capita, PPP (constant 2017 international $)",NY.GDP.PCAP.PP.KD,Somalia,SOM,1186.45087125839
"GDP per capita, PPP (constant 2017 international $)",NY.GDP.PCAP.PP.KD,South Africa,ZAF,13709.9663747111
"GDP per capita, PPP (constant 2017 international $)",NY.GDP.PCAP.PP.KD,South Sudan,SSD,..
"GDP per capita, PPP (constant 2017 international $)",NY.GDP.PCAP.PP.KD,Spain,ESP,40802.48774251
"GDP per capita, PPP (constant 2017 international $)",NY.GDP.PCAP.PP.KD,Sri Lanka,LKA,13079.5386297334
"GDP per capita, PPP (constant 2017 international $)",NY.GDP.PCAP.PP.KD,St. Kitts and Nevis,KNA,28592.9007542933
"GDP per capita, PPP (constant 2017 international $)",NY.GDP.PCAP.PP.KD,St. Lucia,LCA,15200.8720778976
"GDP per capita, PPP (constant 2017 international $)",NY.GDP.PCAP.PP.KD,St. Martin (French part),MAF,..
"GDP per capita, PPP (constant 2017 international $)",NY.GDP.PCAP.PP.KD,St. Vincent and the Grenadines,VCT,13462.5827670279
"GDP per capita, PPP (constant 2017 international $)",NY.GDP.PCAP.PP.KD,Sudan,SDN,4173.56640625
"GDP per capita, PPP (constant 2017 international $)",NY.GDP.PCAP.PP.KD,Suriname,SUR,19036.7450382918
"GDP per capita, PPP (constant 2017 international $)",NY.GDP.PCAP.PP.KD,Sweden,SWE,52850.5691792533
"GDP per capita, PPP (constant 2017 international $)",NY.GDP.PCAP.PP.KD,Switzerland,CHE,70944.3548128194
"GDP per capita, PPP (constant 2017 international $)",NY.GDP.PCAP.PP.KD,Syrian Arab Republic,SYR,..
"GDP per capita, PPP (constant 2017 international $)",NY.GDP.PCAP.PP.KD,Tajikistan,TJK,3581.4091871048
"GDP per capita, PPP (constant 2017 international $)",NY.GDP.PCAP.PP.KD,Tanzania,TZA,2660.63745117188
"GDP per capita, PPP (constant 2017 international $)",NY.GDP.PCAP.PP.KD,Thailand,THA,18438.6473807798
"GDP per capita, PPP (constant 2017 international $)",NY.GDP.PCAP.PP.KD,Timor-Leste,TLS,3626.67316234677
"GDP per capita, PPP (constant 2017 international $)",NY.GDP.PCAP.PP.KD,Togo,TGO,2121.89991847011
"GDP per capita, PPP (constant 2017 international $)",NY.GDP.PCAP.PP.KD,Tonga,TON,6377.35552011179
"GDP per capita, PPP (constant 2017 international $)",NY.GDP.PCAP.PP.KD,Trinidad and Tobago,TTO,26827.2941246177
"GDP per capita, PPP (constant 2017 international $)",NY.GDP.PCAP.PP.KD,Tunisia,TUN,11420.8497305607
"GDP per capita, PPP (constant 2017 international $)",NY.GDP.PCAP.PP.KD,Turkiye,TUR,28197.2488314389
"GDP per capita, PPP (constant 2017 international $)",NY.GDP.PCAP.PP.KD,Turkmenistan,TKM,15538.4199701316
"GDP per capita, PPP (constant 2017 international $)",NY.GDP.PCAP.PP.KD,Turks and Caicos Islands,TCA,29251.0777284406
"GDP per capita, PPP (constant 2017 international $)",NY.GDP.PCAP.PP.KD,Tuvalu,TUV,4527.683995479
"GDP per capita, PPP (constant 2017 international $)",NY.GDP.PCAP.PP.KD,Uganda,UGA,2182.89976075459
"GDP per capita, PPP (constant 2017 international $)",NY.GDP.PCAP.PP.KD,Ukraine,UKR,12804.955078125
"GDP per capita, PPP (constant 2017 international $)",NY.GDP.PCAP.PP.KD,United Arab Emirates,ARE,68263.6755347175
"GDP per capita, PPP (constant 2017 international $)",NY.GDP.PCAP.PP.KD,United Kingdom,GBR,47368.5844114534
"GDP per capita, PPP (constant 2017 international $)",NY.GDP.PCAP.PP.KD,United States,USA,62458.7533464664
"GDP per capita, PPP (constant 2017 international $)",NY.GDP.PCAP.PP.KD,Uruguay,URY,23032.7340435597
"GDP per capita, PPP (constant 2017 international $)",NY.GDP.PCAP.PP.KD,Uzbekistan,UZB,7348.14688265697
"GDP per capita, PPP (constant 2017 international $)",NY.GDP.PCAP.PP.KD,Vanuatu,VUT,3116.59461848169
"GDP per capita, PPP (constant 2017 international $)",NY.GDP.PCAP.PP.KD,"Venezuela, RB",VEN,..
"GDP per capita, PPP (constant 2017 international $)",NY.GDP.PCAP.PP.KD,Vietnam,VNM,10134.2590277869
"GDP per capita, PPP (constant 2017 international $)",NY.GDP.PCAP.PP.KD,Virgin Islands (U.S.),VIR,..
"GDP per capita, PPP (constant 2017 international $)",NY.GDP.PCAP.PP.KD,West Bank and Gaza,PSE,6245.44869712345
"GDP per capita, PPP (constant 2017 international $)",NY.GDP.PCAP.PP.KD,"Yemen, Rep.",YEM,..
"GDP per capita, PPP (constant 2017 international $)",NY.GDP.PCAP.PP.KD,Zambia,ZMB,3470.4355111779
"GDP per capita, PPP (constant 2017 international $)",NY.GDP.PCAP.PP.KD,Zimbabwe,ZWE,2310.63480227045
"GDP per capita, PPP (constant 2017 international $)",NY.GDP.PCAP.PP.KD,Africa Eastern and Southern,AFE,3684.31517238598
"GDP per capita, PPP (constant 2017 international $)",NY.GDP.PCAP.PP.KD,Africa Western and Central,AFW,4159.84464980278
"GDP per capita, PPP (constant 2017 international $)",NY.GDP.PCAP.PP.KD,Arab World,ARB,14445.1518556446
"GDP per capita, PPP (constant 2017 international $)",NY.GDP.PCAP.PP.KD,Caribbean small states,CSS,16172.2017723824
"GDP per capita, PPP (constant 2017 international $)",NY.GDP.PCAP.PP.KD,Central Europe and the Baltics,CEB,32642.845215247
"GDP per capita, PPP (constant 2017 international $)",NY.GDP.PCAP.PP.KD,Early-demographic dividend,EAR,9480.75588955276
"GDP per capita, PPP (constant 2017 international $)",NY.GDP.PCAP.PP.KD,East Asia & Pacific,EAS,17721.2154919556
"GDP per capita, PPP (constant 2017 international $)",NY.GDP.PCAP.PP.KD,East Asia & Pacific (excluding high income),EAP,14425.3308009559
"GDP per capita, PPP (constant 2017 international $)",NY.GDP.PCAP.PP.KD,East Asia & Pacific (IDA & IBRD countries),TEA,14585.3240142404
"GDP per capita, PPP (constant 2017 international $)",NY.GDP.PCAP.PP.KD,Euro area,EMU,47043.0494330536
"GDP per capita, PPP (constant 2017 international $)",NY.GDP.PCAP.PP.KD,Europe & Central Asia,ECS,35354.4536309176
"GDP per capita, PPP (constant 2017 international $)",NY.GDP.PCAP.PP.KD,Europe & Central Asia (excluding high income),ECA,21753.9874940841
"GDP per capita, PPP (constant 2017 international $)",NY.GDP.PCAP.PP.KD,Europe & Central Asia (IDA & IBRD countries),TEC,23104.1331975011
"GDP per capita, PPP (constant 2017 international $)",NY.GDP.PCAP.PP.KD,European Union,EUU,44394.8203528284
"GDP per capita, PPP (constant 2017 international $)",NY.GDP.PCAP.PP.KD,Fragile and conflict affected situations,FCS,4734.00992879594
"GDP per capita, PPP (constant 2017 international $)",NY.GDP.PCAP.PP.KD,Heavily indebted poor countries (HIPC),HPC,2604.61774735098
"GDP per capita, PPP (constant 2017 international $)",NY.GDP.PCAP.PP.KD,High income,HIC,50027.7582114182
"GDP per capita, PPP (constant 2017 international $)",NY.GDP.PCAP.PP.KD,IBRD only,IBD,13460.2859264144
"GDP per capita, PPP (constant 2017 international $)",NY.GDP.PCAP.PP.KD,IDA & IBRD total,IBT,10985.7092969232
"GDP per capita, PPP (constant 2017 international $)",NY.GDP.PCAP.PP.KD,IDA blend,IDB,5131.46833527187
"GDP per capita, PPP (constant 2017 international $)",NY.GDP.PCAP.PP.KD,IDA only,IDX,3219.7848855646
"GDP per capita, PPP (constant 2017 international $)",NY.GDP.PCAP.PP.KD,IDA total,IDA,3850.45651748508
"GDP per capita, PPP (constant 2017 international $)",NY.GDP.PCAP.PP.KD,Late-demographic dividend,LTE,17445.1689556458
"GDP per capita, PPP (constant 2017 international $)",NY.GDP.PCAP.PP.KD,Latin America & Caribbean,LCN,16033.2228299553
"GDP per capita, PPP (constant 2017 international $)",NY.GDP.PCAP.PP.KD,Latin America & Caribbean (excluding high income),LAC,15360.2778646592
"GDP per capita, PPP (constant 2017 international $)",NY.GDP.PCAP.PP.KD,Latin America & the Caribbean (IDA & IBRD countries),TLA,15953.2246822854
"GDP per capita, PPP (constant 2017 international $)",NY.GDP.PCAP.PP.KD,Least developed countries: UN classification,LDC,3154.35917282282
"GDP per capita, PPP (constant 2017 international $)",NY.GDP.PCAP.PP.KD,Low & middle income,LMY,10636.2425080496
"GDP per capita, PPP (constant 2017 international $)",NY.GDP.PCAP.PP.KD,Low income,LIC,2055.1224237864
"GDP per capita, PPP (constant 2017 international $)",NY.GDP.PCAP.PP.KD,Lower middle income,LMC,7340.95622712633
"GDP per capita, PPP (constant 2017 international $)",NY.GDP.PCAP.PP.KD,Middle East & North Africa,MEA,16601.5524268098
"GDP per capita, PPP (constant 2017 international $)",NY.GDP.PCAP.PP.KD,Middle East & North Africa (excluding high income),MNA,10894.0005387563
"GDP per capita, PPP (constant 2017 international $)",NY.GDP.PCAP.PP.KD,Middle East & North Africa (IDA & IBRD countries),TMN,10951.7037309107
"GDP per capita, PPP (constant 2017 international $)",NY.GDP.PCAP.PP.KD,Middle income,MIC,11637.2815237304
"GDP per capita, PPP (constant 2017 international $)",NY.GDP.PCAP.PP.KD,North America,NAC,61097.0189925674
"GDP per capita, PPP (constant 2017 international $)",NY.GDP.PCAP.PP.KD,Not classified,INX,..
"GDP per capita, PPP (constant 2017 international $)",NY.GDP.PCAP.PP.KD,OECD members,OED,44628.3947845674
"GDP per capita, PPP (constant 2017 international $)",NY.GDP.PCAP.PP.KD,Other small states,OSS,22734.7910853958
"GDP per capita, PPP (constant 2017 international $)",NY.GDP.PCAP.PP.KD,Pacific island small states,PSS,7326.17253118968
"GDP per capita, PPP (constant 2017 international $)",NY.GDP.PCAP.PP.KD,Post-demographic dividend,PST,49107.1319732223
"GDP per capita, PPP (constant 2017 international $)",NY.GDP.PCAP.PP.KD,Pre-demographic dividend,PRE,3566.11523490843
"GDP per capita, PPP (constant 2017 international $)",NY.GDP.PCAP.PP.KD,Small states,SST,20626.68870199
"GDP per capita, PPP (constant 2017 international $)",NY.GDP.PCAP.PP.KD,South Asia,SAS,6369.64811530602
"GDP per capita, PPP (constant 2017 international $)",NY.GDP.PCAP.PP.KD,South Asia (IDA & IBRD),TSA,6369.64811530602
"GDP per capita, PPP (constant 2017 international $)",NY.GDP.PCAP.PP.KD,Sub-Saharan Africa,SSF,3874.45218602127
"GDP per capita, PPP (constant 2017 international $)",NY.GDP.PCAP.PP.KD,Sub-Saharan Africa (excluding high income),SSA,3872.20686805289
"GDP per capita, PPP (constant 2017 international $)",NY.GDP.PCAP.PP.KD,Sub-Saharan Africa (IDA & IBRD countries),TSS,3874.45218602127
"GDP per capita, PPP (constant 2017 international $)",NY.GDP.PCAP.PP.KD,Upper middle income,UMC,17295.0673533242
"GDP per capita, PPP (constant 2017 international $)",NY.GDP.PCAP.PP.KD,World,WLD,16973.6956595339
,,,,
,,,,
,,,,
Data from database: World Development Indicators,,,,
Last Updated: 09/16/2022,,,,
